&quot;1&quot;;&quot;Find bugs&quot;;&quot;1&quot;;&quot;2016-04-10 23:50:40&quot;
&quot;2&quot;;&quot;Review code&quot;;&quot;1&quot;;&quot;2016-04-10 23:50:40&quot;
&quot;3&quot;;&quot;Fix bugs&quot;;&quot;1&quot;;&quot;2016-04-10 23:50:40&quot;
&quot;5&quot;;&quot;Push to prod&quot;;&quot;1&quot;;&quot;2016-04-10 23:50:50&quot;
&quot;6&quot;;&quot;singing&quot;;&quot;0&quot;;&quot;2019-01-08 21:50:18&quot;
&quot;7&quot;;&quot;danceing&quot;;&quot;1&quot;;&quot;2019-01-08 22:12:18&quot;
&quot;8&quot;;&quot;Asd&quot;;&quot;1&quot;;&quot;2019-01-09 01:19:41&quot;
&quot;1&quot;;&quot;rushi&quot;;&quot;123&quot;;&quot;2019-01-10 07:56:21&quot;;&quot;2019-01-10 09:17:17&quot;
&quot;3&quot;;&quot;rushita&quot;;&quot;123&quot;;&quot;2019-01-10 07:56:27&quot;;&quot;2019-01-10 07:56:27&quot;
&quot;4&quot;;&quot;rushita&quot;;&quot;123&quot;;&quot;2019-01-10 07:56:27&quot;;&quot;2019-01-10 07:56:27&quot;
&quot;5&quot;;&quot;rushita&quot;;&quot;123&quot;;&quot;2019-01-10 07:56:27&quot;;&quot;2019-01-10 07:56:27&quot;
&quot;1&quot;;&quot;food&quot;;&quot;2019-01-09 20:57:26&quot;;;&quot;2019-01-09 20:57:26&quot;;;&quot;2019-01-09 20:57:26&quot;;;&quot;0&quot;
&quot;1&quot;;&quot;rushita&quot;;&quot;surat&quot;;&quot;20&quot;;&quot;12345678&quot;;&quot;rushita@gmail.com&quot;;&quot;123&quot;;;&quot;rushita&quot;;;;;;&quot;0&quot;;&quot;1&quot;
&quot;2&quot;;&quot;rushita1&quot;;&quot;surat&quot;;&quot;2&quot;;&quot;7894563132&quot;;&quot;rushita@gmail.com&quot;;&quot;123456789&quot;;&quot;2019-01-09 04:29:09.901&quot;;&quot;rushita&quot;;&quot;2019-01-09 04:29:09.901&quot;;;&quot;2019-01-09 04:29:09.901&quot;;;&quot;0&quot;;&quot;1&quot;
&quot;3&quot;;&quot;rushita1&quot;;&quot;surat&quot;;&quot;2&quot;;&quot;7894563132&quot;;&quot;rushita@gmail.com&quot;;&quot;123456789&quot;;&quot;2019-01-09 04:33:42.676&quot;;&quot;rushita&quot;;&quot;2019-01-09 04:33:42.676&quot;;;&quot;2019-01-09 04:33:42.676&quot;;;&quot;0&quot;;&quot;1&quot;
&quot;4&quot;;&quot;rushita1&quot;;&quot;surat&quot;;&quot;2&quot;;&quot;7894563132&quot;;&quot;rushita@gmail.com&quot;;&quot;123456789&quot;;&quot;2019-01-09 04:35:24.005&quot;;&quot;rushita&quot;;&quot;2019-01-09 04:35:24.005&quot;;;&quot;2019-01-09 04:35:24.005&quot;;;&quot;0&quot;;&quot;1&quot;
&quot;5&quot;;&quot;rushita1&quot;;&quot;surat&quot;;&quot;2&quot;;&quot;7894563132&quot;;&quot;rushita@gmail.com&quot;;&quot;123456789&quot;;&quot;2019-01-09 04:36:01.698&quot;;&quot;rushita&quot;;&quot;2019-01-09 04:36:01.698&quot;;;&quot;2019-01-09 04:36:01.698&quot;;;&quot;0&quot;;&quot;1&quot;
&quot;6&quot;;&quot;rushita1&quot;;&quot;surat&quot;;&quot;2&quot;;&quot;7894563132&quot;;&quot;rushita@gmail.com&quot;;&quot;123456789&quot;;&quot;2019-01-09 04:36:45.626&quot;;&quot;rushita&quot;;&quot;2019-01-09 04:36:45.626&quot;;;&quot;2019-01-09 04:36:45.626&quot;;;&quot;0&quot;;&quot;1&quot;
&quot;7&quot;;&quot;rushita1&quot;;&quot;surat&quot;;&quot;2&quot;;&quot;7894563132&quot;;&quot;rushita@gmail.com&quot;;&quot;123456789&quot;;&quot;2019-01-09 04:38:32.281&quot;;&quot;rushita&quot;;&quot;2019-01-09 04:38:32.281&quot;;;&quot;2019-01-09 04:38:32.281&quot;;;&quot;0&quot;;&quot;1&quot;
&quot;8&quot;;&quot;rushita1&quot;;&quot;surat&quot;;&quot;2&quot;;&quot;7894563132&quot;;&quot;rushita@gmail.com&quot;;&quot;123456789&quot;;&quot;2019-01-09 04:40:26.351&quot;;&quot;rushita&quot;;&quot;2019-01-09 04:40:26.351&quot;;;&quot;2019-01-09 04:40:26.351&quot;;;&quot;0&quot;;&quot;1&quot;
